_waind_,3e4f1101-0206-3151-9b38-a6c2b51937b5
scipiones,8706a620-e9a5-32a9-9999-a0ce4f7a8a35
susmak,bbe3c37a-3aa7-3e2b-a230-451dbdb45e8a
lostfater,af9b31f6-adb2-3d55-a7f2-f457e8b6565c
letuarchik,6abd2a7d-dfda-3e40-b6fc-66a3c525daa2
inetdatasurvey2y,ff416b34-e663-3379-9950-4dca4509b4c9
dogleash,f1e8d4d0-54b9-3d56-b5d0-3ae953b8752f
graties45,19eef8d9-8953-3bc2-8328-32a4bc4839b6
mishaneyt,8e562d87-c1ee-3fb1-b084-230f13c38e20
danilterl,7da6ce8f-7e4f-3ee1-97ff-340cf3811973
drachoff,321d9976-d496-3983-8704-a2dd997d87ec
jailor,e412f719-3161-34ad-a914-5055577a201c
jabych,cff7d44b-c09c-3766-89d8-60b7fbbd8c02
neattax,ad63570a-a62d-359c-b98d-5db1ea868924
chuvirla,9c069308-c2ec-35a9-bfd8-cc1a822e1cae
dazai_osamu_ash,6256352e-eac6-35ee-a26f-39eaf07d9752
agapathus_2st,092cc436-80f5-38c3-91a7-30713b831b1b
shapy_x,0dc41ade-b3ee-3007-911b-174aeb3c593d
mightythoru,35098925-e3a7-3501-820c-16d749a92238
well_28012,fe159efa-8655-3c27-ab88-e921898ff77f
mrholsyt,faadc25a-a7a9-3071-989c-e0c0e40406e0
3lord3,046da2c5-4ffe-3c1a-ad3c-09a945f511bb
horusee,8ef7e821-80dd-3258-a6e2-f48b2f8b05a0
ayperreal,c947bb9a-70be-3a2b-8fe5-52eb9ec3b822
sanho34567,2eb800fb-3caa-35f5-b7ce-1f9c239a884e
zolotk0,4b325e11-7f91-373f-8c35-5ac12ba449be
cofeek,cb8c550a-6b72-382f-b14a-e3bc4ea0ee60
_rimuratempest_,3079925d-5035-3a7a-baa1-b80d1d144973
freshjuice_,44130c36-ed97-3587-9c03-680c80483376
_toyota_supra_,3d45966a-e4c8-3f72-af41-9fc8fc279eb8
elv,e83c82ac-a218-34bf-8adc-9f0d9e6c7df1
piko_xd123,5128724a-0e1c-3d17-8f48-d2e4eac1b84b
tatarin385,6b6e3df9-a391-3a41-841a-db245ecc6c03
waind,0c11d5d2-5174-3979-88ee-0ff7afc59e8e
inetdatasurvey5a,f0811ae0-a371-33bc-95e1-199f3e2e5ff4
samuray_play,a77a8fac-f616-396f-b128-192eb804092f
gera878700,29b0d662-7c33-3bfa-87ee-097e5e5b1f0d
juiipup,65c42bcc-04c1-3f6e-ad37-67ee39d36457
kinkpup,ec623454-82bf-3bc8-95ce-15c80cf2b49f
thehomelessgun,fffe0620-d23b-3b56-83ca-1d3b3eb428c9
lord_lotus,b3b09e9d-ef9a-39e0-b2f2-b258b4a1ac00
kota_st,d8991dd2-384c-36da-a2fe-939abefeaac4
molecularium,225254b9-69c4-36e4-b132-5b62a95144bd
cartochkatt,e6dc9d5d-3e6a-37fe-871c-b9e2592785cb
